INSERT INTO members (userID, username, name, keyrole)
VALUES
("544", "Laura#3909", "Christopher", "member"),
("328", "Megan#4492", "Charles", "admin"),
("736", "Eric#7124", "Daniel", "admin"),
("851", "Kevin#3406", "Ryan", "member"),
("942", "Jonathan#6157", "John", "admin"),
("924", "David#3021", "Ryan", "member"),
("205", "Aaron#7792", "Steven", "admin"),
("572", "Crystal#5100", "Eric", "admin"),
("852", "Amber#5325", "Laura", "member"),
("304", "Thomas#1731", "Kevin", "admin"),
("921", "Timothy#7222", "Jason", "member"),
("796", "Kimberly#8743", "Lauren", "member"),
("186", "Joshua#8346", "Stephanie", "member"),
("301", "Stephanie#8707", "Crystal", "member"),
("607", "Elizabeth#8217", "Michelle", "admin"),
("444", "Nicholas#3068", "Robert", "member"),
("538", "Megan#1312", "Amy", "member"),
("459", "David#3366", "Brian", "admin"),
("179", "Stephanie#6406", "Lauren", "admin"),
("797", "Christopher#6364", "Steven", "admin"),
("477", "Heather#5767", "Richard", "admin"),
("200", "Brian#6547", "Elizabeth", "member"),
("109", "Jeremy#3385", "Amanda", "member"),
("592", "Brian#3010", "Timothy", "admin"),
("931", "Mark#4887", "Christina", "admin"),
("672", "Laura#3594", "Rachel", "member"),
("730", "Crystal#5203", "Charles", "member"),
("552", "Nicholas#8911", "Adam", "admin"),
("480", "William#5443", "Anthony", "admin"),
("227", "Charles#9487", "Amanda", "member"),
("319", "Jessica#9425", "Amy", "member"),
("352", "Kevin#5870", "Jeffrey", "admin"),
("501", "Melissa#2687", "Ashley", "admin"),
("606", "William#5537", "Eric", "member"),
("344", "Andrew#1219", "John", "member"),
("906", "Amanda#5550", "Joshua", "member"),
("582", "Jessica#8747", "Stephanie", "admin"),
("236", "Jennifer#7053", "Kyle", "member"),
("201", "Thomas#7792", "Brian", "admin"),
("802", "Justin#3430", "Kevin", "member"),
("803", "Ashley#7685", "Emily", "member"),
("665", "Charles#8425", "Nicholas", "member"),
("555", "Elizabeth#5726", "Rachel", "admin"),
("613", "Lauren#3161", "Laura", "admin"),
("844", "Crystal#9932", "John", "member"),
("915", "Matthew#8903", "David", "admin"),
("632", "Amy#3949", "Brittany", "admin"),
("664", "Amber#4173", "Timothy", "member"),
("965", "James#1967", "Kimberly", "admin");

INSERT INTO tasks (requestLink, requestedDate, content, status, requesterID)
VALUES
("play.google.com", "2021-03-14 15:55:38", "liquor", "requesting", "582"),
("github.com", "2020-05-26 00:45:33", "meat", "completed", "205"),
("macromedia.com", "2020-01-19 09:37:07", "ketchup", "working", "572"),
("accounts.google.com", "2018-04-26 13:44:03", "cuisine", "completed", "109"),
("httpd.apache.org", "2021-02-05 21:07:51", "cuisine", "requesting", "319"),
("bit.ly", "2019-07-24 21:12:13", "meat", "completed", "477"),
("zoom.us", "2019-04-18 23:19:14", "biscuit", "completed", "552"),
("wixsite.com", "2020-08-04 19:17:28", "meat", "completed", "736"),
("support.microsoft.com", "2018-07-26 00:53:16", "lard", "working", "606"),
("policies.google.com", "2018-05-07 17:14:41", "coffee", "working", "572"),
("microsoft.com", "2019-08-21 10:38:10", "mayo", "working", "672"),
("zoom.us", "2019-02-07 17:33:27", "coffee", "requesting", "942"),
("macromedia.com", "2020-09-01 22:41:18", "crumble", "working", "664"),
("l.facebook.com", "2019-02-10 05:24:43", "eggs", "completed", "664"),
("drive.google.com", "2021-04-17 09:36:52", "caviar", "requesting", "109"),
("github.io", "2019-04-11 15:02:46", "caviar", "completed", "606"),
("www.ncbi.nlm.nih.gov", "2020-07-01 12:23:59", "ketchup", "requesting", "803"),
("w3.org", "2018-02-12 19:28:18", "cake", "completed", "304"),
("amazonaws.com", "2020-05-26 00:45:33", "mayo", "requesting", "344"),
("wordpress.com", "2018-06-04 07:02:09", "aroma", "working", "607"),
("github.io", "2018-05-07 17:14:41", "food", "working", "344"),
("m.facebook.com", "2019-09-18 16:13:45", "batter", "working", "444"),
("l.facebook.com", "2020-10-09 12:07:38", "mousse", "completed", "796"),
("ec.europa.eu", "2019-01-28 14:47:56", "mousse", "completed", "477"),
("forms.gle", "2020-07-01 12:23:59", "crumble", "requesting", "227"),
("forbes.com", "2020-02-27 22:18:13", "caviar", "completed", "301"),
("cnn.com", "2019-04-14 14:16:13", "ketchup", "completed", "201"),
("virginmedia.com", "2020-03-09 02:51:33", "mousse", "completed", "632"),
("tumblr.com", "2020-04-30 11:54:28", "broth", "working", "186"),
("paypal.com", "2020-12-06 00:43:08", "filet", "requesting", "582"),
("en.wikipedia.org", "2018-05-21 13:24:02", "candy", "requesting", "201"),
("archive.org", "2019-08-24 09:59:08", "batter", "completed", "730"),
("amazon.com", "2018-09-05 05:40:48", "curd", "requesting", "797"),
("medium.com", "2018-06-04 07:02:09", "cuisine", "requesting", "931"),
("pinterest.com", "2020-12-17 03:05:33", "mousse", "requesting", "352"),
("reddit.com", "2020-07-01 12:23:59", "juice", "working", "328"),
("sites.google.com", "2018-03-11 06:35:27", "cake", "requesting", "459"),
("ec.europa.eu", "2020-05-01 21:23:52", "mousse", "working", "665"),
("support.google.com", "2018-06-11 20:42:34", "chili", "requesting", "924"),
("youtube.com", "2020-04-06 01:50:27", "burger", "working", "582"),
("soundcloud.com", "2019-05-21 23:55:20", "ice", "working", "613"),
("issuu.com", "2019-02-10 05:24:43", "mushroom", "working", "606"),
("bbc.co.uk", "2020-11-07 21:01:16", "cookie", "working", "200"),
("wordpress.com", "2021-01-21 18:34:19", "drink", "requesting", "555"),
("youtube.com", "2018-07-12 21:47:14", "cheese", "requesting", "851"),
("yahoo.com", "2018-01-07 05:17:26", "biscuit", "completed", "109"),
("httpd.apache.org", "2020-03-09 02:51:33", "drink", "requesting", "319"),
("mozilla.org", "2018-09-15 06:20:54", "mayo", "working", "319"),
("amazonaws.com", "2020-11-07 21:01:16", "mousse", "completed", "227"),
("amazon.com", "2020-12-06 00:43:08", "bagel", "requesting", "205"),
("api.whatsapp.com", "2019-01-28 14:47:56", "bagel", "working", "730"),
("ec.europa.eu", "2020-08-04 19:17:28", "glaze", "working", "592"),
("yahoo.com", "2021-02-05 21:07:51", "cookie", "completed", "477"),
("spotify.com", "2018-07-26 00:53:16", "biscuit", "requesting", "186"),
("github.com", "2018-03-11 06:35:27", "curd", "working", "236"),
("support.google.com", "2018-07-13 03:07:30", "candy", "requesting", "319"),
("github.io", "2019-07-24 21:12:13", "aroma", "working", "477"),
("tumblr.com", "2019-08-24 09:59:08", "drink", "working", "200"),
("pinterest.com", "2019-04-11 15:02:46", "aroma", "working", "344"),
("spotify.com", "2019-02-14 10:22:54", "mousse", "requesting", "501"),
("support.google.com", "2020-04-18 07:38:20", "mayonnaise", "working", "555"),
("adobe.com", "2018-10-18 19:55:55", "food", "completed", "459"),
("en.wikipedia.org", "2020-09-01 22:41:18", "flour", "completed", "304"),
("forbes.com", "2020-03-17 11:04:54", "food", "working", "480"),
("mozilla.org", "2019-09-18 16:13:45", "drink", "working", "544"),
("l.facebook.com", "2019-01-28 14:47:56", "fish", "working", "851"),
("apache.org", "2019-11-19 12:44:22", "beans", "completed", "328"),
("reddit.com", "2018-11-04 19:38:07", "batter", "working", "852"),
("amazonaws.com", "2018-05-11 17:32:13", "filet", "working", "921"),
("bbc.co.uk", "2020-09-01 22:41:18", "cookie", "working", "179"),
("apps.apple.com", "2020-01-19 09:37:07", "flour", "working", "613"),
("ec.europa.eu", "2019-04-14 14:16:13", "margarine", "completed", "730"),
("microsoft.com", "2020-07-07 20:38:23", "broth", "working", "607"),
("l.facebook.com", "2020-07-26 02:37:44", "hamburger", "completed", "965"),
("m.facebook.com", "2021-03-08 22:28:49", "entree", "completed", "924"),
("google.com", "2018-11-04 19:38:07", "bread", "completed", "301"),
("flickr.com", "2021-02-05 21:07:51", "glaze", "working", "851"),
("apache.org", "2018-07-13 03:07:30", "mousse", "working", "736"),
("apple.com", "2019-11-11 13:23:33", "eggs", "working", "477"),
("mozilla.org", "2019-11-29 19:30:37", "grill", "requesting", "606"),
("go.microsoft.com", "2019-08-20 16:50:39", "bread", "completed", "328"),
("paypal.com", "2018-12-17 02:38:09", "broth", "requesting", "796"),
("nih.gov", "2020-03-26 07:08:20", "juice", "completed", "851"),
("bbc.co.uk", "2019-11-08 06:38:56", "mayo", "completed", "924"),
("bit.ly", "2021-03-14 15:55:38", "liquor", "working", "328"),
("tools.google.com", "2021-03-03 12:09:04", "biscuit", "requesting", "632"),
("weebly.com", "2019-08-20 16:50:39", "candy", "requesting", "730"),
("go.microsoft.com", "2019-07-08 20:56:04", "mayonnaise", "completed", "201"),
("httpd.apache.org", "2020-01-19 09:37:07", "mayonnaise", "working", "736"),
("weebly.com", "2021-03-08 22:28:49", "ketchup", "working", "607"),
("europa.eu", "2020-05-01 21:23:52", "coffee", "working", "606"),
("yahoo.com", "2018-10-22 18:18:22", "bagel", "completed", "179"),
("accounts.google.com", "2021-02-08 00:35:42", "curd", "completed", "200"),
("bbc.co.uk", "2018-04-21 23:49:14", "grill", "requesting", "664"),
("github.io", "2019-08-20 17:03:04", "cream", "completed", "200"),
("accounts.google.com", "2019-06-25 03:21:54", "ketchup", "working", "179"),
("amazon.com", "2021-02-05 21:07:51", "lard", "working", "444"),
("l.facebook.com", "2019-07-16 21:43:17", "mayonnaise", "requesting", "852"),
("player.vimeo.com", "2020-12-31 16:45:50", "filet", "requesting", "844"),
("wixsite.com", "2020-10-15 21:27:26", "chili", "requesting", "931");


INSERT INTO posts (taskID, completeLink, completedDate, completerID)
VALUES
("2", "wixsite.com", "2022-09-14 17:08:13", "852"),
("4", "cloudflare.com", "2021-04-18 07:38:20", "924"),
("6", "yahoo.com", "2021-07-26 00:53:16", "803"),
("7", "spotify.com", "2022-08-20 17:03:04", "109"),
("8", "l.facebook.com", "2021-04-21 05:12:23", "459"),
("14", "paypal.com", "2022-04-26 13:44:03", "851"),
("16", "issuu.com", "2022-05-21 23:55:20", "352"),
("18", "cnn.com", "2021-02-26 03:47:06", "931"),
("23", "dropbox.com", "2022-02-12 19:28:18", "319"),
("24", "amazon.com", "2021-12-06 00:43:08", "924"),
("26", "who.int", "2022-09-30 22:36:16", "613"),
("27", "tools.google.com", "2021-03-11 06:35:27", "109"),
("28", "issuu.com", "2022-08-17 20:43:28", "544"),
("32", "forbes.com", "2022-09-14 20:27:34", "301"),
("46", "youtu.be", "2021-06-04 10:58:07", "186"),
("49", "httpd.apache.org", "2021-03-09 02:51:33", "538"),
("53", "gravatar.com", "2022-11-07 21:01:16", "665"),
("62", "drive.google.com", "2022-07-12 21:47:14", "301"),
("63", "medium.com", "2021-02-21 08:54:39", "544"),
("67", "amazonaws.com", "2022-08-04 19:17:28", "582"),
("72", "adobe.com", "2021-03-09 02:51:33", "592"),
("74", "nih.gov", "2021-07-30 05:59:39", "852"),
("75", "go.microsoft.com", "2021-03-25 05:26:59", "672"),
("76", "support.google.com", "2022-12-31 16:45:50", "344"),
("81", "theguardian.com", "2021-01-19 09:37:07", "319"),
("83", "weebly.com", "2022-02-19 12:01:53", "915"),
("84", "player.vimeo.com", "2022-11-07 21:01:16", "965"),
("88", "bbc.co.uk", "2021-02-21 08:54:39", "582"),
("92", "reddit.com", "2022-05-01 21:23:52", "797"),
("93", "wordpress.com", "2022-07-08 20:56:04", "538"),
("95", "accounts.google.com", "2021-03-25 05:26:59", "931");
